timestamp,source,event_type,bytes_transferred,hour,date,anomaly
2025-05-08 23:10:17.022841,firewall,connection,2183,23,2025-05-08,Anomaly
2025-05-08 23:11:17.022841,endpoint,login_success,2921,23,2025-05-08,Anomaly
2025-05-08 23:12:17.022841,server2,error,1239,23,2025-05-08,Anomaly
2025-05-08 23:13:17.022841,server2,connection,6904,23,2025-05-08,Anomaly
2025-05-08 23:14:17.022841,server1,connection,980,23,2025-05-08,Anomaly
2025-05-08 23:15:17.022841,server1,login_success,8422,23,2025-05-08,Anomaly
2025-05-08 23:16:17.022841,firewall,login_failed,2400,23,2025-05-08,Anomaly
2025-05-08 23:17:17.022841,server1,error,649,23,2025-05-08,Anomaly
2025-05-08 23:18:17.022841,endpoint,error,4178,23,2025-05-08,Anomaly
2025-05-08 23:19:17.022841,server2,login_success,1038,23,2025-05-08,Anomaly
2025-05-08 23:20:17.022841,server1,connection,9464,23,2025-05-08,Anomaly
2025-05-08 23:21:17.022841,firewall,connection,2410,23,2025-05-08,Anomaly
2025-05-08 23:22:17.022841,server1,login_failed,1212,23,2025-05-08,Anomaly
2025-05-08 23:23:17.022841,endpoint,login_failed,7340,23,2025-05-08,Anomaly
2025-05-08 23:24:17.022841,server2,error,9688,23,2025-05-08,Anomaly
2025-05-08 23:25:17.022841,endpoint,login_failed,582,23,2025-05-08,Anomaly
2025-05-08 23:26:17.022841,firewall,login_failed,127,23,2025-05-08,Anomaly
2025-05-08 23:27:17.022841,server2,login_success,9168,23,2025-05-08,Anomaly
2025-05-08 23:28:17.022841,firewall,error,1588,23,2025-05-08,Anomaly
2025-05-08 23:29:17.022841,endpoint,connection,565,23,2025-05-08,Anomaly
2025-05-08 23:30:17.022841,endpoint,connection,9452,23,2025-05-08,Anomaly
2025-05-08 23:31:17.022841,server1,login_failed,6749,23,2025-05-08,Anomaly
2025-05-08 23:32:17.022841,server1,login_failed,859,23,2025-05-08,Anomaly
2025-05-08 23:33:17.022841,firewall,error,7519,23,2025-05-08,Anomaly
2025-05-08 23:34:17.022841,server1,connection,1830,23,2025-05-08,Anomaly
2025-05-08 23:35:17.022841,endpoint,connection,3030,23,2025-05-08,Anomaly
2025-05-08 23:36:17.022841,server2,login_failed,1637,23,2025-05-08,Anomaly
2025-05-08 23:37:17.022841,server2,error,691,23,2025-05-08,Anomaly
2025-05-08 23:38:17.022841,endpoint,error,3478,23,2025-05-08,Anomaly
2025-05-08 23:39:17.022841,server1,login_success,1229,23,2025-05-08,Anomaly
2025-05-08 23:40:17.022841,server2,error,1082,23,2025-05-08,Anomaly
2025-05-08 23:41:17.022841,server2,login_failed,6707,23,2025-05-08,Anomaly
2025-05-08 23:42:17.022841,server1,connection,4387,23,2025-05-08,Anomaly
2025-05-08 23:43:17.022841,server2,connection,3776,23,2025-05-08,Anomaly
2025-05-08 23:44:17.022841,server2,connection,8604,23,2025-05-08,Anomaly
2025-05-08 23:45:17.022841,endpoint,login_success,4112,23,2025-05-08,Anomaly
2025-05-08 23:46:17.022841,server2,login_success,2636,23,2025-05-08,Anomaly
2025-05-08 23:47:17.022841,server1,login_failed,3633,23,2025-05-08,Anomaly
2025-05-08 23:48:17.022841,server2,error,4972,23,2025-05-08,Anomaly
2025-05-08 23:49:17.022841,server2,login_failed,1438,23,2025-05-08,Anomaly
2025-05-08 23:50:17.022841,server1,error,603,23,2025-05-08,Anomaly
2025-05-08 23:51:17.022841,firewall,login_failed,6956,23,2025-05-08,Anomaly
2025-05-08 23:52:17.022841,server2,connection,5818,23,2025-05-08,Anomaly
2025-05-08 23:53:17.022841,endpoint,connection,2449,23,2025-05-08,Anomaly
2025-05-08 23:54:17.022841,endpoint,login_failed,5817,23,2025-05-08,Anomaly
2025-05-08 23:55:17.022841,server1,login_success,922,23,2025-05-08,Anomaly
2025-05-08 23:56:17.022841,server2,error,3017,23,2025-05-08,Anomaly
2025-05-08 23:57:17.022841,server2,login_failed,7735,23,2025-05-08,Anomaly
2025-05-08 23:58:17.022841,endpoint,error,4694,23,2025-05-08,Anomaly
2025-05-08 23:59:17.022841,firewall,login_failed,3752,23,2025-05-08,Anomaly
2025-05-09 00:00:17.022841,endpoint,login_failed,6157,0,2025-05-09,Normal
2025-05-09 00:01:17.022841,firewall,login_success,7411,0,2025-05-09,Normal
2025-05-09 00:02:17.022841,server1,login_failed,2819,0,2025-05-09,Normal
2025-05-09 00:03:17.022841,server1,login_success,7271,0,2025-05-09,Normal
2025-05-09 00:04:17.022841,endpoint,login_success,6212,0,2025-05-09,Normal
2025-05-09 00:05:17.022841,server1,login_failed,7597,0,2025-05-09,Normal
2025-05-09 00:06:17.022841,firewall,connection,2790,0,2025-05-09,Normal
2025-05-09 00:07:17.022841,endpoint,error,4800,0,2025-05-09,Normal
2025-05-09 00:08:17.022841,server2,login_success,9194,0,2025-05-09,Anomaly
2025-05-09 00:09:17.022841,endpoint,connection,5460,0,2025-05-09,Normal
2025-05-09 00:10:17.022841,server2,login_failed,975,0,2025-05-09,Anomaly
2025-05-09 00:11:17.022841,endpoint,login_failed,3445,0,2025-05-09,Normal
2025-05-09 00:12:17.022841,server1,login_success,9667,0,2025-05-09,Anomaly
2025-05-09 00:13:17.022841,endpoint,login_failed,4618,0,2025-05-09,Normal
2025-05-09 00:14:17.022841,endpoint,login_failed,6516,0,2025-05-09,Normal
2025-05-09 00:15:17.022841,endpoint,error,1873,0,2025-05-09,Anomaly
2025-05-09 00:16:17.022841,server2,error,1901,0,2025-05-09,Anomaly
2025-05-09 00:17:17.022841,server1,login_success,8928,0,2025-05-09,Anomaly
2025-05-09 00:18:17.022841,server1,login_failed,3614,0,2025-05-09,Normal
2025-05-09 00:19:17.022841,firewall,login_success,1197,0,2025-05-09,Anomaly
2025-05-09 00:20:17.022841,server1,login_failed,8023,0,2025-05-09,Normal
2025-05-09 00:21:17.022841,server1,connection,3193,0,2025-05-09,Normal
2025-05-09 00:22:17.022841,firewall,login_success,6667,0,2025-05-09,Normal
2025-05-09 00:23:17.022841,endpoint,login_success,1248,0,2025-05-09,Anomaly
2025-05-09 00:24:17.022841,firewall,connection,7312,0,2025-05-09,Normal
2025-05-09 00:25:17.022841,server2,error,2244,0,2025-05-09,Normal
2025-05-09 00:26:17.022841,server2,error,9111,0,2025-05-09,Normal
2025-05-09 00:27:17.022841,server2,login_success,2866,0,2025-05-09,Normal
2025-05-09 00:28:17.022841,server1,error,2413,0,2025-05-09,Normal
2025-05-09 00:29:17.022841,server2,connection,2458,0,2025-05-09,Normal
2025-05-09 00:30:17.022841,server1,error,6174,0,2025-05-09,Normal
2025-05-09 00:31:17.022841,server1,connection,7990,0,2025-05-09,Normal
2025-05-09 00:32:17.022841,server2,connection,5549,0,2025-05-09,Normal
2025-05-09 00:33:17.022841,server1,connection,2121,0,2025-05-09,Normal
2025-05-09 00:34:17.022841,server2,login_success,9272,0,2025-05-09,Anomaly
2025-05-09 00:35:17.022841,endpoint,connection,778,0,2025-05-09,Anomaly
2025-05-09 00:36:17.022841,endpoint,login_failed,7657,0,2025-05-09,Normal
2025-05-09 00:37:17.022841,firewall,login_failed,939,0,2025-05-09,Anomaly
2025-05-09 00:38:17.022841,server1,login_failed,2242,0,2025-05-09,Normal
2025-05-09 00:39:17.022841,server1,login_success,2941,0,2025-05-09,Normal
2025-05-09 00:40:17.022841,server1,login_failed,4713,0,2025-05-09,Normal
2025-05-09 00:41:17.022841,firewall,login_success,9519,0,2025-05-09,Anomaly
2025-05-09 00:42:17.022841,server2,connection,7984,0,2025-05-09,Normal
2025-05-09 00:43:17.022841,endpoint,login_success,7634,0,2025-05-09,Normal
2025-05-09 00:44:17.022841,server2,login_failed,4578,0,2025-05-09,Normal
2025-05-09 00:45:17.022841,endpoint,connection,7343,0,2025-05-09,Normal
2025-05-09 00:46:17.022841,firewall,error,7790,0,2025-05-09,Normal
2025-05-09 00:47:17.022841,firewall,connection,3198,0,2025-05-09,Normal
2025-05-09 00:48:17.022841,server2,error,618,0,2025-05-09,Anomaly
2025-05-09 00:49:17.022841,firewall,login_success,8587,0,2025-05-09,Normal
2025-05-09 00:50:17.022841,server1,login_failed,3400,0,2025-05-09,Normal
2025-05-09 00:51:17.022841,endpoint,login_failed,9001,0,2025-05-09,Normal
2025-05-09 00:52:17.022841,endpoint,login_failed,8107,0,2025-05-09,Normal
2025-05-09 00:53:17.022841,firewall,error,2264,0,2025-05-09,Normal
2025-05-09 00:54:17.022841,server1,error,8088,0,2025-05-09,Normal
2025-05-09 00:55:17.022841,endpoint,error,5879,0,2025-05-09,Normal
2025-05-09 00:56:17.022841,firewall,connection,9314,0,2025-05-09,Anomaly
2025-05-09 00:57:17.022841,server2,connection,8169,0,2025-05-09,Normal
2025-05-09 00:58:17.022841,server2,login_failed,7229,0,2025-05-09,Normal
2025-05-09 00:59:17.022841,server1,login_success,9050,0,2025-05-09,Anomaly
2025-05-09 01:00:17.022841,firewall,error,8451,1,2025-05-09,Normal
2025-05-09 01:01:17.022841,server1,login_success,8714,1,2025-05-09,Normal
2025-05-09 01:02:17.022841,firewall,login_success,1408,1,2025-05-09,Normal
2025-05-09 01:03:17.022841,firewall,login_failed,3983,1,2025-05-09,Normal
2025-05-09 01:04:17.022841,firewall,connection,8127,1,2025-05-09,Normal
2025-05-09 01:05:17.022841,server1,error,9755,1,2025-05-09,Anomaly
2025-05-09 01:06:17.022841,server2,connection,5116,1,2025-05-09,Normal
2025-05-09 01:07:17.022841,server1,error,7163,1,2025-05-09,Normal
2025-05-09 01:08:17.022841,server1,login_failed,4037,1,2025-05-09,Normal
2025-05-09 01:09:17.022841,firewall,connection,6460,1,2025-05-09,Normal
2025-05-09 01:10:17.022841,server2,login_failed,9435,1,2025-05-09,Normal
2025-05-09 01:11:17.022841,server1,connection,6605,1,2025-05-09,Normal
2025-05-09 01:12:17.022841,endpoint,login_failed,7708,1,2025-05-09,Normal
2025-05-09 01:13:17.022841,server1,login_success,5172,1,2025-05-09,Normal
2025-05-09 01:14:17.022841,endpoint,login_failed,5488,1,2025-05-09,Normal
2025-05-09 01:15:17.022841,server2,login_success,257,1,2025-05-09,Anomaly
2025-05-09 01:16:17.022841,firewall,login_success,2713,1,2025-05-09,Normal
2025-05-09 01:17:17.022841,firewall,login_failed,4444,1,2025-05-09,Normal
2025-05-09 01:18:17.022841,endpoint,error,1339,1,2025-05-09,Normal
2025-05-09 01:19:17.022841,endpoint,login_failed,3848,1,2025-05-09,Normal
2025-05-09 01:20:17.022841,server1,error,3868,1,2025-05-09,Normal
2025-05-09 01:21:17.022841,server1,login_failed,8002,1,2025-05-09,Normal
2025-05-09 01:22:17.022841,firewall,login_failed,9444,1,2025-05-09,Normal
2025-05-09 01:23:17.022841,firewall,login_success,6921,1,2025-05-09,Normal
2025-05-09 01:24:17.022841,server1,login_success,7389,1,2025-05-09,Normal
2025-05-09 01:25:17.022841,firewall,error,3477,1,2025-05-09,Normal
2025-05-09 01:26:17.022841,firewall,login_success,4671,1,2025-05-09,Normal
2025-05-09 01:27:17.022841,server2,login_success,2778,1,2025-05-09,Normal
2025-05-09 01:28:17.022841,endpoint,login_success,8281,1,2025-05-09,Normal
2025-05-09 01:29:17.022841,firewall,connection,8932,1,2025-05-09,Normal
2025-05-09 01:30:17.022841,server1,error,6427,1,2025-05-09,Normal
2025-05-09 01:31:17.022841,endpoint,connection,9924,1,2025-05-09,Anomaly
2025-05-09 01:32:17.022841,firewall,login_success,7248,1,2025-05-09,Normal
2025-05-09 01:33:17.022841,endpoint,login_success,1108,1,2025-05-09,Normal
2025-05-09 01:34:17.022841,server2,login_failed,814,1,2025-05-09,Anomaly
2025-05-09 01:35:17.022841,endpoint,login_success,8826,1,2025-05-09,Normal
2025-05-09 01:36:17.022841,endpoint,error,5466,1,2025-05-09,Normal
2025-05-09 01:37:17.022841,server1,login_failed,8284,1,2025-05-09,Normal
2025-05-09 01:38:17.022841,endpoint,login_failed,8655,1,2025-05-09,Normal
2025-05-09 01:39:17.022841,firewall,login_success,1358,1,2025-05-09,Normal
2025-05-09 01:40:17.022841,server2,login_success,9384,1,2025-05-09,Normal
2025-05-09 01:41:17.022841,server2,login_failed,9379,1,2025-05-09,Normal
2025-05-09 01:42:17.022841,server2,connection,5933,1,2025-05-09,Normal
2025-05-09 01:43:17.022841,endpoint,error,182,1,2025-05-09,Anomaly
2025-05-09 01:44:17.022841,endpoint,connection,3923,1,2025-05-09,Normal
2025-05-09 01:45:17.022841,server1,connection,7387,1,2025-05-09,Normal
2025-05-09 01:46:17.022841,firewall,error,6172,1,2025-05-09,Normal
2025-05-09 01:47:17.022841,server2,login_failed,8442,1,2025-05-09,Normal
2025-05-09 01:48:17.022841,server1,connection,8207,1,2025-05-09,Normal
2025-05-09 01:49:17.022841,endpoint,login_failed,502,1,2025-05-09,Anomaly
2025-05-09 01:50:17.022841,server1,connection,1482,1,2025-05-09,Normal
2025-05-09 01:51:17.022841,firewall,error,979,1,2025-05-09,Anomaly
2025-05-09 01:52:17.022841,endpoint,error,5909,1,2025-05-09,Normal
2025-05-09 01:53:17.022841,server1,connection,7890,1,2025-05-09,Normal
2025-05-09 01:54:17.022841,endpoint,connection,9222,1,2025-05-09,Normal
2025-05-09 01:55:17.022841,server2,login_failed,2679,1,2025-05-09,Normal
2025-05-09 01:56:17.022841,firewall,login_success,4215,1,2025-05-09,Normal
2025-05-09 01:57:17.022841,endpoint,connection,2772,1,2025-05-09,Normal
2025-05-09 01:58:17.022841,endpoint,connection,6113,1,2025-05-09,Normal
2025-05-09 01:59:17.022841,endpoint,login_failed,3139,1,2025-05-09,Normal
2025-05-09 02:00:17.022841,firewall,login_success,3676,2,2025-05-09,Normal
2025-05-09 02:01:17.022841,endpoint,login_failed,6289,2,2025-05-09,Normal
2025-05-09 02:02:17.022841,firewall,login_failed,5924,2,2025-05-09,Normal
2025-05-09 02:03:17.022841,endpoint,error,2982,2,2025-05-09,Normal
2025-05-09 02:04:17.022841,endpoint,error,3649,2,2025-05-09,Normal
2025-05-09 02:05:17.022841,endpoint,error,3937,2,2025-05-09,Normal
2025-05-09 02:06:17.022841,server1,error,3173,2,2025-05-09,Normal
2025-05-09 02:07:17.022841,server1,login_success,269,2,2025-05-09,Anomaly
2025-05-09 02:08:17.022841,firewall,login_success,5601,2,2025-05-09,Normal
2025-05-09 02:09:17.022841,server1,login_success,8999,2,2025-05-09,Normal
2025-05-09 02:10:17.022841,firewall,login_failed,3107,2,2025-05-09,Normal
2025-05-09 02:11:17.022841,firewall,error,5872,2,2025-05-09,Normal
2025-05-09 02:12:17.022841,endpoint,error,5671,2,2025-05-09,Normal
2025-05-09 02:13:17.022841,server1,connection,8155,2,2025-05-09,Normal
2025-05-09 02:14:17.022841,firewall,login_failed,2855,2,2025-05-09,Normal
2025-05-09 02:15:17.022841,firewall,error,1747,2,2025-05-09,Normal
2025-05-09 02:16:17.022841,server1,login_success,4340,2,2025-05-09,Normal
2025-05-09 02:17:17.022841,endpoint,error,5856,2,2025-05-09,Normal
2025-05-09 02:18:17.022841,firewall,login_success,2983,2,2025-05-09,Normal
2025-05-09 02:19:17.022841,server1,error,9366,2,2025-05-09,Normal
2025-05-09 02:20:17.022841,server1,connection,6529,2,2025-05-09,Normal
2025-05-09 02:21:17.022841,server1,login_success,5409,2,2025-05-09,Normal
2025-05-09 02:22:17.022841,server2,login_success,6132,2,2025-05-09,Normal
2025-05-09 02:23:17.022841,server1,login_success,5944,2,2025-05-09,Normal
2025-05-09 02:24:17.022841,server2,connection,763,2,2025-05-09,Anomaly
2025-05-09 02:25:17.022841,endpoint,error,6852,2,2025-05-09,Normal
2025-05-09 02:26:17.022841,firewall,connection,5366,2,2025-05-09,Normal
2025-05-09 02:27:17.022841,firewall,error,3026,2,2025-05-09,Normal
2025-05-09 02:28:17.022841,server2,error,7363,2,2025-05-09,Normal
2025-05-09 02:29:17.022841,endpoint,login_failed,385,2,2025-05-09,Anomaly
2025-05-09 02:30:17.022841,server1,login_success,5257,2,2025-05-09,Normal
2025-05-09 02:31:17.022841,firewall,login_failed,7626,2,2025-05-09,Normal
2025-05-09 02:32:17.022841,firewall,connection,2758,2,2025-05-09,Normal
2025-05-09 02:33:17.022841,firewall,login_success,6771,2,2025-05-09,Normal
2025-05-09 02:34:17.022841,firewall,connection,4587,2,2025-05-09,Normal
2025-05-09 02:35:17.022841,endpoint,login_failed,1666,2,2025-05-09,Normal
2025-05-09 02:36:17.022841,firewall,login_failed,5051,2,2025-05-09,Normal
2025-05-09 02:37:17.022841,firewall,error,6761,2,2025-05-09,Normal
2025-05-09 02:38:17.022841,server1,error,3909,2,2025-05-09,Normal
2025-05-09 02:39:17.022841,firewall,login_success,4579,2,2025-05-09,Normal
2025-05-09 02:40:17.022841,server1,error,6834,2,2025-05-09,Normal
2025-05-09 02:41:17.022841,endpoint,login_success,6595,2,2025-05-09,Normal
2025-05-09 02:42:17.022841,server2,error,3306,2,2025-05-09,Normal
2025-05-09 02:43:17.022841,firewall,login_failed,9797,2,2025-05-09,Anomaly
2025-05-09 02:44:17.022841,server2,login_success,4224,2,2025-05-09,Normal
2025-05-09 02:45:17.022841,firewall,connection,2621,2,2025-05-09,Normal
2025-05-09 02:46:17.022841,server1,connection,5322,2,2025-05-09,Normal
2025-05-09 02:47:17.022841,server1,error,9745,2,2025-05-09,Anomaly
2025-05-09 02:48:17.022841,server1,error,220,2,2025-05-09,Anomaly
2025-05-09 02:49:17.022841,server1,login_failed,7685,2,2025-05-09,Normal
2025-05-09 02:50:17.022841,endpoint,login_failed,9445,2,2025-05-09,Normal
2025-05-09 02:51:17.022841,firewall,login_failed,2905,2,2025-05-09,Normal
2025-05-09 02:52:17.022841,server1,connection,6353,2,2025-05-09,Normal
2025-05-09 02:53:17.022841,firewall,login_success,4243,2,2025-05-09,Normal
2025-05-09 02:54:17.022841,server1,error,4702,2,2025-05-09,Normal
2025-05-09 02:55:17.022841,endpoint,login_failed,7534,2,2025-05-09,Normal
2025-05-09 02:56:17.022841,firewall,login_failed,641,2,2025-05-09,Normal
2025-05-09 02:57:17.022841,server1,connection,169,2,2025-05-09,Anomaly
2025-05-09 02:58:17.022841,firewall,error,2135,2,2025-05-09,Normal
2025-05-09 02:59:17.022841,firewall,connection,4120,2,2025-05-09,Normal
2025-05-09 03:00:17.022841,server1,connection,2623,3,2025-05-09,Normal
2025-05-09 03:01:17.022841,server2,login_failed,4167,3,2025-05-09,Normal
2025-05-09 03:02:17.022841,server2,login_failed,3330,3,2025-05-09,Normal
2025-05-09 03:03:17.022841,firewall,login_failed,445,3,2025-05-09,Normal
2025-05-09 03:04:17.022841,server2,login_failed,9091,3,2025-05-09,Normal
2025-05-09 03:05:17.022841,server1,connection,1441,3,2025-05-09,Normal
2025-05-09 03:06:17.022841,server1,login_success,210,3,2025-05-09,Anomaly
2025-05-09 03:07:17.022841,server1,connection,2486,3,2025-05-09,Normal
2025-05-09 03:08:17.022841,firewall,connection,8280,3,2025-05-09,Normal
2025-05-09 03:09:17.022841,endpoint,login_success,1853,3,2025-05-09,Normal
2025-05-09 03:10:17.022841,server1,connection,5529,3,2025-05-09,Normal
2025-05-09 03:11:17.022841,server2,connection,6845,3,2025-05-09,Normal
2025-05-09 03:12:17.022841,firewall,login_failed,5230,3,2025-05-09,Normal
2025-05-09 03:13:17.022841,endpoint,login_success,6544,3,2025-05-09,Normal
2025-05-09 03:14:17.022841,server1,login_success,9632,3,2025-05-09,Normal
2025-05-09 03:15:17.022841,endpoint,connection,8522,3,2025-05-09,Normal
2025-05-09 03:16:17.022841,endpoint,connection,5415,3,2025-05-09,Normal
2025-05-09 03:17:17.022841,endpoint,login_failed,1224,3,2025-05-09,Normal
2025-05-09 03:18:17.022841,endpoint,login_success,715,3,2025-05-09,Normal
2025-05-09 03:19:17.022841,firewall,error,7298,3,2025-05-09,Normal
2025-05-09 03:20:17.022841,endpoint,connection,1475,3,2025-05-09,Normal
2025-05-09 03:21:17.022841,endpoint,error,4871,3,2025-05-09,Normal
2025-05-09 03:22:17.022841,firewall,login_success,9561,3,2025-05-09,Normal
2025-05-09 03:23:17.022841,server2,login_failed,4562,3,2025-05-09,Normal
2025-05-09 03:24:17.022841,server1,login_success,8603,3,2025-05-09,Normal
2025-05-09 03:25:17.022841,endpoint,error,5870,3,2025-05-09,Normal
2025-05-09 03:26:17.022841,server2,login_failed,3895,3,2025-05-09,Normal
2025-05-09 03:27:17.022841,firewall,error,2747,3,2025-05-09,Normal
2025-05-09 03:28:17.022841,firewall,login_failed,7155,3,2025-05-09,Normal
2025-05-09 03:29:17.022841,endpoint,error,2717,3,2025-05-09,Normal
2025-05-09 03:30:17.022841,server2,connection,3680,3,2025-05-09,Normal
2025-05-09 03:31:17.022841,endpoint,login_success,8969,3,2025-05-09,Normal
2025-05-09 03:32:17.022841,endpoint,error,4450,3,2025-05-09,Normal
2025-05-09 03:33:17.022841,server1,login_success,7756,3,2025-05-09,Normal
2025-05-09 03:34:17.022841,firewall,error,1717,3,2025-05-09,Normal
2025-05-09 03:35:17.022841,firewall,login_success,2289,3,2025-05-09,Normal
2025-05-09 03:36:17.022841,endpoint,connection,9674,3,2025-05-09,Normal
2025-05-09 03:37:17.022841,server2,error,4286,3,2025-05-09,Normal
2025-05-09 03:38:17.022841,firewall,login_failed,8588,3,2025-05-09,Normal
2025-05-09 03:39:17.022841,server1,login_success,4702,3,2025-05-09,Normal
2025-05-09 03:40:17.022841,firewall,login_failed,8510,3,2025-05-09,Normal
2025-05-09 03:41:17.022841,endpoint,login_failed,3350,3,2025-05-09,Normal
2025-05-09 03:42:17.022841,server1,connection,3967,3,2025-05-09,Normal
2025-05-09 03:43:17.022841,firewall,login_success,4317,3,2025-05-09,Normal
2025-05-09 03:44:17.022841,server2,error,9511,3,2025-05-09,Normal
2025-05-09 03:45:17.022841,firewall,login_success,3349,3,2025-05-09,Normal
2025-05-09 03:46:17.022841,endpoint,error,2681,3,2025-05-09,Normal
2025-05-09 03:47:17.022841,server1,login_failed,674,3,2025-05-09,Normal
2025-05-09 03:48:17.022841,server1,connection,5920,3,2025-05-09,Normal
2025-05-09 03:49:17.022841,firewall,error,3576,3,2025-05-09,Normal
2025-05-09 03:50:17.022841,firewall,login_failed,2530,3,2025-05-09,Normal
2025-05-09 03:51:17.022841,firewall,connection,4213,3,2025-05-09,Normal
2025-05-09 03:52:17.022841,endpoint,connection,4853,3,2025-05-09,Normal
2025-05-09 03:53:17.022841,endpoint,login_failed,9590,3,2025-05-09,Normal
2025-05-09 03:54:17.022841,endpoint,login_failed,5781,3,2025-05-09,Normal
2025-05-09 03:55:17.022841,firewall,login_success,4840,3,2025-05-09,Normal
2025-05-09 03:56:17.022841,firewall,error,3519,3,2025-05-09,Normal
2025-05-09 03:57:17.022841,firewall,login_failed,6453,3,2025-05-09,Normal
2025-05-09 03:58:17.022841,server1,error,5202,3,2025-05-09,Normal
2025-05-09 03:59:17.022841,endpoint,connection,7918,3,2025-05-09,Normal
2025-05-09 04:00:17.022841,firewall,login_failed,5085,4,2025-05-09,Normal
2025-05-09 04:01:17.022841,endpoint,error,3897,4,2025-05-09,Normal
2025-05-09 04:02:17.022841,firewall,login_failed,6507,4,2025-05-09,Normal
2025-05-09 04:03:17.022841,server2,connection,5886,4,2025-05-09,Normal
2025-05-09 04:04:17.022841,firewall,error,308,4,2025-05-09,Anomaly
2025-05-09 04:05:17.022841,endpoint,connection,8439,4,2025-05-09,Normal
2025-05-09 04:06:17.022841,endpoint,login_success,6359,4,2025-05-09,Normal
2025-05-09 04:07:17.022841,server1,connection,8132,4,2025-05-09,Normal
2025-05-09 04:08:17.022841,firewall,error,7433,4,2025-05-09,Normal
2025-05-09 04:09:17.022841,endpoint,login_success,1585,4,2025-05-09,Normal
2025-05-09 04:10:17.022841,firewall,connection,8695,4,2025-05-09,Normal
2025-05-09 04:11:17.022841,server2,error,9202,4,2025-05-09,Normal
2025-05-09 04:12:17.022841,server1,connection,1793,4,2025-05-09,Normal
2025-05-09 04:13:17.022841,server2,login_success,1722,4,2025-05-09,Normal
2025-05-09 04:14:17.022841,server1,connection,9320,4,2025-05-09,Normal
2025-05-09 04:15:17.022841,endpoint,login_failed,337,4,2025-05-09,Anomaly
2025-05-09 04:16:17.022841,server1,error,6669,4,2025-05-09,Normal
2025-05-09 04:17:17.022841,server1,error,9778,4,2025-05-09,Normal
2025-05-09 04:18:17.022841,server2,error,2147,4,2025-05-09,Normal
2025-05-09 04:19:17.022841,endpoint,error,4721,4,2025-05-09,Normal
2025-05-09 04:20:17.022841,firewall,login_success,1288,4,2025-05-09,Normal
2025-05-09 04:21:17.022841,endpoint,connection,9096,4,2025-05-09,Normal
2025-05-09 04:22:17.022841,server1,connection,9859,4,2025-05-09,Normal
2025-05-09 04:23:17.022841,firewall,connection,2411,4,2025-05-09,Normal
2025-05-09 04:24:17.022841,endpoint,login_failed,3933,4,2025-05-09,Normal
2025-05-09 04:25:17.022841,server1,error,7302,4,2025-05-09,Normal
2025-05-09 04:26:17.022841,server2,login_success,3356,4,2025-05-09,Normal
2025-05-09 04:27:17.022841,endpoint,login_failed,9783,4,2025-05-09,Normal
2025-05-09 04:28:17.022841,server1,connection,5894,4,2025-05-09,Normal
2025-05-09 04:29:17.022841,firewall,login_failed,7996,4,2025-05-09,Normal
2025-05-09 04:30:17.022841,server2,login_success,5118,4,2025-05-09,Normal
2025-05-09 04:31:17.022841,endpoint,connection,3253,4,2025-05-09,Normal
2025-05-09 04:32:17.022841,server1,login_success,3815,4,2025-05-09,Normal
2025-05-09 04:33:17.022841,server2,login_failed,4128,4,2025-05-09,Normal
2025-05-09 04:34:17.022841,firewall,connection,9330,4,2025-05-09,Normal
2025-05-09 04:35:17.022841,endpoint,error,1594,4,2025-05-09,Normal
2025-05-09 04:36:17.022841,server2,login_success,8566,4,2025-05-09,Normal
2025-05-09 04:37:17.022841,server1,login_failed,8199,4,2025-05-09,Normal
2025-05-09 04:38:17.022841,endpoint,connection,2338,4,2025-05-09,Normal
2025-05-09 04:39:17.022841,firewall,login_failed,3611,4,2025-05-09,Normal
2025-05-09 04:40:17.022841,endpoint,error,4269,4,2025-05-09,Normal
2025-05-09 04:41:17.022841,firewall,login_failed,5501,4,2025-05-09,Normal
2025-05-09 04:42:17.022841,server1,login_success,5671,4,2025-05-09,Normal
2025-05-09 04:43:17.022841,server1,error,6830,4,2025-05-09,Normal
2025-05-09 04:44:17.022841,endpoint,connection,7319,4,2025-05-09,Normal
2025-05-09 04:45:17.022841,firewall,connection,9394,4,2025-05-09,Normal
2025-05-09 04:46:17.022841,endpoint,connection,6089,4,2025-05-09,Normal
2025-05-09 04:47:17.022841,server2,login_success,3282,4,2025-05-09,Normal
2025-05-09 04:48:17.022841,server2,login_success,7652,4,2025-05-09,Normal
2025-05-09 04:49:17.022841,endpoint,error,881,4,2025-05-09,Normal
2025-05-09 04:50:17.022841,server2,login_success,180,4,2025-05-09,Anomaly
2025-05-09 04:51:17.022841,firewall,connection,3854,4,2025-05-09,Normal
2025-05-09 04:52:17.022841,firewall,login_failed,1628,4,2025-05-09,Normal
2025-05-09 04:53:17.022841,server2,error,4846,4,2025-05-09,Normal
2025-05-09 04:54:17.022841,server1,connection,3125,4,2025-05-09,Normal
2025-05-09 04:55:17.022841,server1,connection,8274,4,2025-05-09,Normal
2025-05-09 04:56:17.022841,endpoint,error,7000,4,2025-05-09,Normal
2025-05-09 04:57:17.022841,endpoint,login_failed,5631,4,2025-05-09,Normal
2025-05-09 04:58:17.022841,server2,login_success,3811,4,2025-05-09,Normal
2025-05-09 04:59:17.022841,server1,connection,3973,4,2025-05-09,Normal
2025-05-09 05:00:17.022841,server1,login_success,5189,5,2025-05-09,Normal
2025-05-09 05:01:17.022841,firewall,login_failed,6498,5,2025-05-09,Normal
2025-05-09 05:02:17.022841,server2,error,4167,5,2025-05-09,Normal
2025-05-09 05:03:17.022841,endpoint,connection,6629,5,2025-05-09,Normal
2025-05-09 05:04:17.022841,server1,error,4345,5,2025-05-09,Normal
2025-05-09 05:05:17.022841,server2,connection,5413,5,2025-05-09,Normal
2025-05-09 05:06:17.022841,server2,error,5850,5,2025-05-09,Normal
2025-05-09 05:07:17.022841,firewall,connection,8055,5,2025-05-09,Normal
2025-05-09 05:08:17.022841,server2,login_failed,8424,5,2025-05-09,Normal
2025-05-09 05:09:17.022841,firewall,error,9555,5,2025-05-09,Normal
2025-05-09 05:10:17.022841,endpoint,connection,6784,5,2025-05-09,Normal
2025-05-09 05:11:17.022841,server1,login_success,6719,5,2025-05-09,Normal
2025-05-09 05:12:17.022841,server1,login_failed,3278,5,2025-05-09,Normal
2025-05-09 05:13:17.022841,server1,login_failed,7242,5,2025-05-09,Normal
2025-05-09 05:14:17.022841,server1,login_failed,2422,5,2025-05-09,Normal
2025-05-09 05:15:17.022841,firewall,error,7041,5,2025-05-09,Normal
2025-05-09 05:16:17.022841,firewall,error,5575,5,2025-05-09,Normal
2025-05-09 05:17:17.022841,endpoint,connection,5491,5,2025-05-09,Normal
2025-05-09 05:18:17.022841,server1,login_failed,3536,5,2025-05-09,Normal
2025-05-09 05:19:17.022841,firewall,connection,1102,5,2025-05-09,Normal
2025-05-09 05:20:17.022841,firewall,connection,8815,5,2025-05-09,Normal
2025-05-09 05:21:17.022841,server2,login_failed,7134,5,2025-05-09,Normal
2025-05-09 05:22:17.022841,server2,login_success,6388,5,2025-05-09,Normal
2025-05-09 05:23:17.022841,endpoint,login_failed,3615,5,2025-05-09,Normal
2025-05-09 05:24:17.022841,server1,login_failed,4660,5,2025-05-09,Normal
2025-05-09 05:25:17.022841,server1,connection,1058,5,2025-05-09,Normal
2025-05-09 05:26:17.022841,server2,connection,9408,5,2025-05-09,Normal
2025-05-09 05:27:17.022841,endpoint,error,5040,5,2025-05-09,Normal
2025-05-09 05:28:17.022841,server2,connection,6901,5,2025-05-09,Normal
2025-05-09 05:29:17.022841,firewall,error,9406,5,2025-05-09,Normal
2025-05-09 05:30:17.022841,server2,login_success,3276,5,2025-05-09,Normal
2025-05-09 05:31:17.022841,server1,error,5682,5,2025-05-09,Normal
2025-05-09 05:32:17.022841,firewall,error,5944,5,2025-05-09,Normal
2025-05-09 05:33:17.022841,server2,connection,8579,5,2025-05-09,Normal
2025-05-09 05:34:17.022841,server1,connection,4216,5,2025-05-09,Normal
2025-05-09 05:35:17.022841,endpoint,login_success,6442,5,2025-05-09,Normal
2025-05-09 05:36:17.022841,firewall,connection,3144,5,2025-05-09,Normal
2025-05-09 05:37:17.022841,server2,error,7939,5,2025-05-09,Normal
2025-05-09 05:38:17.022841,server1,login_failed,5206,5,2025-05-09,Normal
2025-05-09 05:39:17.022841,firewall,connection,1450,5,2025-05-09,Normal
2025-05-09 05:40:17.022841,server1,login_success,594,5,2025-05-09,Normal
2025-05-09 05:41:17.022841,endpoint,error,8106,5,2025-05-09,Normal
2025-05-09 05:42:17.022841,server1,login_success,8587,5,2025-05-09,Normal
2025-05-09 05:43:17.022841,server2,connection,2632,5,2025-05-09,Normal
2025-05-09 05:44:17.022841,server2,login_failed,1948,5,2025-05-09,Normal
2025-05-09 05:45:17.022841,endpoint,login_success,9969,5,2025-05-09,Anomaly
2025-05-09 05:46:17.022841,server2,connection,291,5,2025-05-09,Anomaly
2025-05-09 05:47:17.022841,firewall,connection,9323,5,2025-05-09,Normal
2025-05-09 05:48:17.022841,endpoint,error,6053,5,2025-05-09,Normal
2025-05-09 05:49:17.022841,server1,login_success,9721,5,2025-05-09,Normal
2025-05-09 05:50:17.022841,firewall,login_success,5161,5,2025-05-09,Normal
2025-05-09 05:51:17.022841,server1,login_failed,6840,5,2025-05-09,Normal
2025-05-09 05:52:17.022841,server1,connection,2294,5,2025-05-09,Normal
2025-05-09 05:53:17.022841,server2,login_failed,6577,5,2025-05-09,Normal
2025-05-09 05:54:17.022841,endpoint,error,3386,5,2025-05-09,Normal
2025-05-09 05:55:17.022841,server2,connection,5100,5,2025-05-09,Normal
2025-05-09 05:56:17.022841,server1,connection,7224,5,2025-05-09,Normal
2025-05-09 05:57:17.022841,server1,error,9999,5,2025-05-09,Anomaly
2025-05-09 05:58:17.022841,server1,error,110,5,2025-05-09,Anomaly
2025-05-09 05:59:17.022841,server2,connection,7288,5,2025-05-09,Normal
2025-05-09 06:00:17.022841,server2,login_failed,2667,6,2025-05-09,Normal
2025-05-09 06:01:17.022841,server2,login_success,5411,6,2025-05-09,Normal
2025-05-09 06:02:17.022841,server1,login_success,3018,6,2025-05-09,Normal
2025-05-09 06:03:17.022841,endpoint,connection,5407,6,2025-05-09,Normal
2025-05-09 06:04:17.022841,server2,error,9767,6,2025-05-09,Normal
2025-05-09 06:05:17.022841,endpoint,login_failed,2756,6,2025-05-09,Normal
2025-05-09 06:06:17.022841,firewall,login_success,1751,6,2025-05-09,Normal
2025-05-09 06:07:17.022841,server1,error,8816,6,2025-05-09,Normal
2025-05-09 06:08:17.022841,server1,login_failed,2144,6,2025-05-09,Normal
2025-05-09 06:09:17.022841,endpoint,login_failed,6167,6,2025-05-09,Normal
2025-05-09 06:10:17.022841,endpoint,connection,7474,6,2025-05-09,Normal
2025-05-09 06:11:17.022841,endpoint,login_failed,8748,6,2025-05-09,Normal
2025-05-09 06:12:17.022841,firewall,connection,3882,6,2025-05-09,Normal
2025-05-09 06:13:17.022841,server2,error,5355,6,2025-05-09,Normal
2025-05-09 06:14:17.022841,endpoint,connection,6337,6,2025-05-09,Normal
2025-05-09 06:15:17.022841,endpoint,login_success,4068,6,2025-05-09,Normal
2025-05-09 06:16:17.022841,server1,error,1965,6,2025-05-09,Normal
2025-05-09 06:17:17.022841,server1,connection,5314,6,2025-05-09,Normal
2025-05-09 06:18:17.022841,endpoint,login_success,5890,6,2025-05-09,Normal
2025-05-09 06:19:17.022841,firewall,login_failed,1704,6,2025-05-09,Normal
2025-05-09 06:20:17.022841,firewall,login_failed,9786,6,2025-05-09,Normal
2025-05-09 06:21:17.022841,server2,login_success,1250,6,2025-05-09,Normal
2025-05-09 06:22:17.022841,firewall,login_failed,6792,6,2025-05-09,Normal
2025-05-09 06:23:17.022841,firewall,login_success,6982,6,2025-05-09,Normal
2025-05-09 06:24:17.022841,server2,error,7647,6,2025-05-09,Normal
2025-05-09 06:25:17.022841,server2,login_success,4948,6,2025-05-09,Normal
2025-05-09 06:26:17.022841,server2,connection,6732,6,2025-05-09,Normal
2025-05-09 06:27:17.022841,server1,error,2927,6,2025-05-09,Normal
2025-05-09 06:28:17.022841,server1,error,7473,6,2025-05-09,Normal
2025-05-09 06:29:17.022841,firewall,connection,8384,6,2025-05-09,Normal
2025-05-09 06:30:17.022841,firewall,error,4604,6,2025-05-09,Normal
2025-05-09 06:31:17.022841,server2,login_failed,3029,6,2025-05-09,Normal
2025-05-09 06:32:17.022841,firewall,error,5168,6,2025-05-09,Normal
2025-05-09 06:33:17.022841,server1,login_failed,9553,6,2025-05-09,Normal
2025-05-09 06:34:17.022841,endpoint,login_success,2154,6,2025-05-09,Normal
2025-05-09 06:35:17.022841,server1,connection,1614,6,2025-05-09,Normal
2025-05-09 06:36:17.022841,server2,connection,4364,6,2025-05-09,Normal
2025-05-09 06:37:17.022841,server2,connection,1082,6,2025-05-09,Normal
2025-05-09 06:38:17.022841,endpoint,connection,2138,6,2025-05-09,Normal
2025-05-09 06:39:17.022841,endpoint,error,5717,6,2025-05-09,Normal
2025-05-09 06:40:17.022841,server2,login_failed,7922,6,2025-05-09,Normal
2025-05-09 06:41:17.022841,endpoint,connection,4660,6,2025-05-09,Normal
2025-05-09 06:42:17.022841,server1,connection,5492,6,2025-05-09,Normal
2025-05-09 06:43:17.022841,endpoint,login_success,1082,6,2025-05-09,Normal
2025-05-09 06:44:17.022841,endpoint,login_failed,7533,6,2025-05-09,Normal
2025-05-09 06:45:17.022841,server2,login_failed,9181,6,2025-05-09,Normal
2025-05-09 06:46:17.022841,server2,login_failed,3149,6,2025-05-09,Normal
2025-05-09 06:47:17.022841,endpoint,login_failed,9541,6,2025-05-09,Normal
2025-05-09 06:48:17.022841,firewall,error,5138,6,2025-05-09,Normal
2025-05-09 06:49:17.022841,server1,login_success,4144,6,2025-05-09,Normal
2025-05-09 06:50:17.022841,endpoint,error,9800,6,2025-05-09,Normal
2025-05-09 06:51:17.022841,server1,login_failed,9491,6,2025-05-09,Normal
2025-05-09 06:52:17.022841,server1,connection,1736,6,2025-05-09,Normal
2025-05-09 06:53:17.022841,firewall,login_success,7801,6,2025-05-09,Normal
2025-05-09 06:54:17.022841,endpoint,login_failed,5032,6,2025-05-09,Normal
2025-05-09 06:55:17.022841,endpoint,connection,9153,6,2025-05-09,Normal
2025-05-09 06:56:17.022841,server1,error,2208,6,2025-05-09,Normal
2025-05-09 06:57:17.022841,endpoint,login_success,3251,6,2025-05-09,Normal
2025-05-09 06:58:17.022841,endpoint,login_failed,229,6,2025-05-09,Anomaly
2025-05-09 06:59:17.022841,server2,login_failed,1429,6,2025-05-09,Normal
2025-05-09 07:00:17.022841,firewall,login_failed,6868,7,2025-05-09,Normal
2025-05-09 07:01:17.022841,endpoint,error,7393,7,2025-05-09,Normal
2025-05-09 07:02:17.022841,firewall,connection,4082,7,2025-05-09,Normal
2025-05-09 07:03:17.022841,server2,login_success,2369,7,2025-05-09,Normal
2025-05-09 07:04:17.022841,server1,connection,8654,7,2025-05-09,Normal
2025-05-09 07:05:17.022841,server2,login_success,9803,7,2025-05-09,Normal
2025-05-09 07:06:17.022841,server2,error,2771,7,2025-05-09,Normal
2025-05-09 07:07:17.022841,firewall,connection,4805,7,2025-05-09,Normal
2025-05-09 07:08:17.022841,server1,error,4834,7,2025-05-09,Normal
2025-05-09 07:09:17.022841,server2,login_failed,8597,7,2025-05-09,Normal
2025-05-09 07:10:17.022841,endpoint,error,7506,7,2025-05-09,Normal
2025-05-09 07:11:17.022841,firewall,login_success,8351,7,2025-05-09,Normal
2025-05-09 07:12:17.022841,endpoint,error,4519,7,2025-05-09,Normal
2025-05-09 07:13:17.022841,firewall,login_success,7222,7,2025-05-09,Normal
2025-05-09 07:14:17.022841,firewall,login_success,7777,7,2025-05-09,Normal
2025-05-09 07:15:17.022841,firewall,login_success,7295,7,2025-05-09,Normal
2025-05-09 07:16:17.022841,server2,login_failed,7707,7,2025-05-09,Normal
2025-05-09 07:17:17.022841,server1,connection,5886,7,2025-05-09,Normal
2025-05-09 07:18:17.022841,server1,connection,9340,7,2025-05-09,Normal
2025-05-09 07:19:17.022841,firewall,login_failed,4494,7,2025-05-09,Normal
2025-05-09 07:20:17.022841,server1,login_failed,706,7,2025-05-09,Normal
2025-05-09 07:21:17.022841,firewall,error,6688,7,2025-05-09,Normal
2025-05-09 07:22:17.022841,server2,error,4591,7,2025-05-09,Normal
2025-05-09 07:23:17.022841,server1,login_failed,6731,7,2025-05-09,Normal
2025-05-09 07:24:17.022841,firewall,login_failed,493,7,2025-05-09,Normal
2025-05-09 07:25:17.022841,firewall,login_failed,543,7,2025-05-09,Normal
2025-05-09 07:26:17.022841,server2,connection,5895,7,2025-05-09,Normal
2025-05-09 07:27:17.022841,endpoint,login_failed,8329,7,2025-05-09,Normal
2025-05-09 07:28:17.022841,server1,error,5473,7,2025-05-09,Normal
2025-05-09 07:29:17.022841,firewall,login_failed,7269,7,2025-05-09,Normal
2025-05-09 07:30:17.022841,firewall,connection,9141,7,2025-05-09,Normal
2025-05-09 07:31:17.022841,endpoint,error,9804,7,2025-05-09,Normal
2025-05-09 07:32:17.022841,firewall,error,4542,7,2025-05-09,Normal
2025-05-09 07:33:17.022841,endpoint,login_success,1397,7,2025-05-09,Normal
2025-05-09 07:34:17.022841,firewall,login_success,6853,7,2025-05-09,Normal
2025-05-09 07:35:17.022841,endpoint,connection,1597,7,2025-05-09,Normal
2025-05-09 07:36:17.022841,endpoint,connection,7042,7,2025-05-09,Normal
2025-05-09 07:37:17.022841,firewall,login_success,2955,7,2025-05-09,Normal
2025-05-09 07:38:17.022841,server2,connection,5106,7,2025-05-09,Normal
2025-05-09 07:39:17.022841,server1,error,7985,7,2025-05-09,Normal
2025-05-09 07:40:17.022841,endpoint,error,5504,7,2025-05-09,Normal
2025-05-09 07:41:17.022841,server1,connection,6808,7,2025-05-09,Normal
2025-05-09 07:42:17.022841,server2,connection,7875,7,2025-05-09,Normal
2025-05-09 07:43:17.022841,server2,login_success,9180,7,2025-05-09,Normal
2025-05-09 07:44:17.022841,server1,login_success,7139,7,2025-05-09,Normal
2025-05-09 07:45:17.022841,server1,login_success,6674,7,2025-05-09,Normal
2025-05-09 07:46:17.022841,server2,connection,5329,7,2025-05-09,Normal
2025-05-09 07:47:17.022841,server2,login_success,4376,7,2025-05-09,Normal
2025-05-09 07:48:17.022841,firewall,error,538,7,2025-05-09,Normal
2025-05-09 07:49:17.022841,server2,login_failed,2776,7,2025-05-09,Normal
2025-05-09 07:50:17.022841,server2,login_failed,2291,7,2025-05-09,Normal
2025-05-09 07:51:17.022841,endpoint,login_failed,9257,7,2025-05-09,Normal
2025-05-09 07:52:17.022841,firewall,login_failed,6233,7,2025-05-09,Normal
2025-05-09 07:53:17.022841,server1,login_success,2668,7,2025-05-09,Normal
2025-05-09 07:54:17.022841,server1,connection,4193,7,2025-05-09,Normal
2025-05-09 07:55:17.022841,firewall,error,8446,7,2025-05-09,Normal
2025-05-09 07:56:17.022841,firewall,login_failed,7625,7,2025-05-09,Normal
2025-05-09 07:57:17.022841,server1,error,7061,7,2025-05-09,Normal
2025-05-09 07:58:17.022841,server2,login_failed,4380,7,2025-05-09,Normal
2025-05-09 07:59:17.022841,firewall,error,2362,7,2025-05-09,Normal
2025-05-09 08:00:17.022841,server2,connection,845,8,2025-05-09,Normal
2025-05-09 08:01:17.022841,server2,login_failed,5570,8,2025-05-09,Normal
2025-05-09 08:02:17.022841,firewall,login_failed,7215,8,2025-05-09,Normal
2025-05-09 08:03:17.022841,server2,login_success,3556,8,2025-05-09,Normal
2025-05-09 08:04:17.022841,endpoint,connection,424,8,2025-05-09,Normal
2025-05-09 08:05:17.022841,server1,error,9373,8,2025-05-09,Normal
2025-05-09 08:06:17.022841,endpoint,error,4173,8,2025-05-09,Normal
2025-05-09 08:07:17.022841,server2,login_failed,3243,8,2025-05-09,Normal
2025-05-09 08:08:17.022841,server2,login_success,3144,8,2025-05-09,Normal
2025-05-09 08:09:17.022841,firewall,error,8523,8,2025-05-09,Normal
2025-05-09 08:10:17.022841,firewall,login_failed,8506,8,2025-05-09,Normal
2025-05-09 08:11:17.022841,server2,error,8178,8,2025-05-09,Normal
2025-05-09 08:12:17.022841,firewall,login_success,8224,8,2025-05-09,Normal
2025-05-09 08:13:17.022841,endpoint,connection,9915,8,2025-05-09,Normal
2025-05-09 08:14:17.022841,server2,login_failed,2195,8,2025-05-09,Normal
2025-05-09 08:15:17.022841,firewall,login_failed,4355,8,2025-05-09,Normal
2025-05-09 08:16:17.022841,server1,error,4036,8,2025-05-09,Normal
2025-05-09 08:17:17.022841,server2,login_failed,6600,8,2025-05-09,Normal
2025-05-09 08:18:17.022841,endpoint,connection,5625,8,2025-05-09,Normal
2025-05-09 08:19:17.022841,endpoint,error,7227,8,2025-05-09,Normal
2025-05-09 08:20:17.022841,endpoint,error,9582,8,2025-05-09,Normal
2025-05-09 08:21:17.022841,endpoint,error,7441,8,2025-05-09,Normal
2025-05-09 08:22:17.022841,endpoint,login_success,4171,8,2025-05-09,Normal
2025-05-09 08:23:17.022841,endpoint,login_failed,4669,8,2025-05-09,Normal
2025-05-09 08:24:17.022841,firewall,connection,6929,8,2025-05-09,Normal
2025-05-09 08:25:17.022841,firewall,login_failed,2113,8,2025-05-09,Normal
2025-05-09 08:26:17.022841,server1,error,9087,8,2025-05-09,Normal
2025-05-09 08:27:17.022841,server2,login_success,2606,8,2025-05-09,Normal
2025-05-09 08:28:17.022841,server1,error,523,8,2025-05-09,Normal
2025-05-09 08:29:17.022841,server2,connection,6670,8,2025-05-09,Normal
2025-05-09 08:30:17.022841,server1,login_failed,4886,8,2025-05-09,Normal
2025-05-09 08:31:17.022841,endpoint,login_success,5666,8,2025-05-09,Normal
2025-05-09 08:32:17.022841,firewall,login_success,6513,8,2025-05-09,Normal
2025-05-09 08:33:17.022841,firewall,error,1540,8,2025-05-09,Normal
2025-05-09 08:34:17.022841,endpoint,login_failed,2176,8,2025-05-09,Normal
2025-05-09 08:35:17.022841,server2,login_success,2938,8,2025-05-09,Normal
2025-05-09 08:36:17.022841,endpoint,login_failed,181,8,2025-05-09,Anomaly
2025-05-09 08:37:17.022841,server1,connection,589,8,2025-05-09,Normal
2025-05-09 08:38:17.022841,firewall,connection,8028,8,2025-05-09,Normal
2025-05-09 08:39:17.022841,server2,error,9426,8,2025-05-09,Normal
2025-05-09 08:40:17.022841,server2,connection,5187,8,2025-05-09,Normal
2025-05-09 08:41:17.022841,firewall,connection,5707,8,2025-05-09,Normal
2025-05-09 08:42:17.022841,server1,error,7188,8,2025-05-09,Normal
2025-05-09 08:43:17.022841,endpoint,login_success,4365,8,2025-05-09,Normal
2025-05-09 08:44:17.022841,server2,login_success,6326,8,2025-05-09,Normal
2025-05-09 08:45:17.022841,server1,login_success,1045,8,2025-05-09,Normal
2025-05-09 08:46:17.022841,server2,error,8468,8,2025-05-09,Normal
2025-05-09 08:47:17.022841,server2,login_failed,9815,8,2025-05-09,Normal
2025-05-09 08:48:17.022841,server1,connection,6681,8,2025-05-09,Normal
2025-05-09 08:49:17.022841,server2,login_failed,1253,8,2025-05-09,Normal
2025-05-09 08:50:17.022841,server2,error,8530,8,2025-05-09,Normal
2025-05-09 08:51:17.022841,server1,login_failed,5930,8,2025-05-09,Normal
2025-05-09 08:52:17.022841,server1,login_success,1207,8,2025-05-09,Normal
2025-05-09 08:53:17.022841,server2,login_failed,7728,8,2025-05-09,Normal
2025-05-09 08:54:17.022841,server2,login_success,4810,8,2025-05-09,Normal
2025-05-09 08:55:17.022841,server2,login_success,9891,8,2025-05-09,Normal
2025-05-09 08:56:17.022841,firewall,login_failed,5766,8,2025-05-09,Normal
2025-05-09 08:57:17.022841,endpoint,connection,1804,8,2025-05-09,Normal
2025-05-09 08:58:17.022841,server2,login_failed,6896,8,2025-05-09,Normal
2025-05-09 08:59:17.022841,firewall,connection,6700,8,2025-05-09,Normal
2025-05-09 09:00:17.022841,endpoint,login_failed,4709,9,2025-05-09,Normal
2025-05-09 09:01:17.022841,server2,connection,2767,9,2025-05-09,Normal
2025-05-09 09:02:17.022841,server1,connection,9671,9,2025-05-09,Normal
2025-05-09 09:03:17.022841,endpoint,login_success,9572,9,2025-05-09,Normal
2025-05-09 09:04:17.022841,firewall,error,3194,9,2025-05-09,Normal
2025-05-09 09:05:17.022841,endpoint,login_success,7108,9,2025-05-09,Normal
2025-05-09 09:06:17.022841,server1,error,9225,9,2025-05-09,Normal
2025-05-09 09:07:17.022841,server2,login_success,126,9,2025-05-09,Anomaly
2025-05-09 09:08:17.022841,server2,connection,1279,9,2025-05-09,Normal
2025-05-09 09:09:17.022841,server1,error,7321,9,2025-05-09,Normal
2025-05-09 09:10:17.022841,endpoint,login_success,8115,9,2025-05-09,Normal
2025-05-09 09:11:17.022841,firewall,connection,326,9,2025-05-09,Normal
2025-05-09 09:12:17.022841,endpoint,connection,1698,9,2025-05-09,Normal
2025-05-09 09:13:17.022841,server1,connection,4224,9,2025-05-09,Normal
2025-05-09 09:14:17.022841,server2,login_failed,1541,9,2025-05-09,Normal
2025-05-09 09:15:17.022841,server1,connection,4825,9,2025-05-09,Normal
2025-05-09 09:16:17.022841,endpoint,connection,7848,9,2025-05-09,Normal
2025-05-09 09:17:17.022841,server1,login_success,9336,9,2025-05-09,Normal
2025-05-09 09:18:17.022841,server2,login_failed,5660,9,2025-05-09,Normal
2025-05-09 09:19:17.022841,firewall,connection,8732,9,2025-05-09,Normal
2025-05-09 09:20:17.022841,endpoint,connection,5908,9,2025-05-09,Normal
2025-05-09 09:21:17.022841,firewall,connection,412,9,2025-05-09,Normal
2025-05-09 09:22:17.022841,endpoint,connection,4094,9,2025-05-09,Normal
2025-05-09 09:23:17.022841,firewall,login_success,6974,9,2025-05-09,Normal
2025-05-09 09:24:17.022841,firewall,connection,4137,9,2025-05-09,Normal
2025-05-09 09:25:17.022841,server1,error,7663,9,2025-05-09,Normal
2025-05-09 09:26:17.022841,endpoint,error,8382,9,2025-05-09,Normal
2025-05-09 09:27:17.022841,firewall,error,8723,9,2025-05-09,Normal
2025-05-09 09:28:17.022841,endpoint,error,3518,9,2025-05-09,Normal
2025-05-09 09:29:17.022841,firewall,login_success,5187,9,2025-05-09,Normal
2025-05-09 09:30:17.022841,endpoint,login_failed,9890,9,2025-05-09,Normal
2025-05-09 09:31:17.022841,firewall,login_success,7484,9,2025-05-09,Normal
2025-05-09 09:32:17.022841,server1,error,8681,9,2025-05-09,Normal
2025-05-09 09:33:17.022841,server2,login_failed,4788,9,2025-05-09,Normal
2025-05-09 09:34:17.022841,server1,login_success,4366,9,2025-05-09,Normal
2025-05-09 09:35:17.022841,server2,login_failed,6601,9,2025-05-09,Normal
2025-05-09 09:36:17.022841,endpoint,error,1717,9,2025-05-09,Normal
2025-05-09 09:37:17.022841,server1,error,6064,9,2025-05-09,Normal
2025-05-09 09:38:17.022841,server2,connection,1112,9,2025-05-09,Normal
2025-05-09 09:39:17.022841,server2,login_failed,8292,9,2025-05-09,Normal
2025-05-09 09:40:17.022841,endpoint,login_failed,4428,9,2025-05-09,Normal
2025-05-09 09:41:17.022841,server1,error,4006,9,2025-05-09,Normal
2025-05-09 09:42:17.022841,server1,connection,2146,9,2025-05-09,Normal
2025-05-09 09:43:17.022841,endpoint,login_success,9404,9,2025-05-09,Normal
2025-05-09 09:44:17.022841,server1,login_success,4326,9,2025-05-09,Normal
2025-05-09 09:45:17.022841,server2,login_success,6191,9,2025-05-09,Normal
2025-05-09 09:46:17.022841,server1,login_success,443,9,2025-05-09,Normal
2025-05-09 09:47:17.022841,server1,login_failed,8439,9,2025-05-09,Normal
2025-05-09 09:48:17.022841,firewall,error,6985,9,2025-05-09,Normal
2025-05-09 09:49:17.022841,server1,login_failed,9576,9,2025-05-09,Normal
2025-05-09 09:50:17.022841,firewall,connection,4710,9,2025-05-09,Normal
2025-05-09 09:51:17.022841,endpoint,login_failed,5452,9,2025-05-09,Normal
2025-05-09 09:52:17.022841,server1,login_failed,2697,9,2025-05-09,Normal
2025-05-09 09:53:17.022841,server1,login_success,9089,9,2025-05-09,Normal
2025-05-09 09:54:17.022841,firewall,login_success,4659,9,2025-05-09,Normal
2025-05-09 09:55:17.022841,server2,connection,398,9,2025-05-09,Normal
2025-05-09 09:56:17.022841,server2,login_failed,9749,9,2025-05-09,Normal
2025-05-09 09:57:17.022841,endpoint,login_failed,9283,9,2025-05-09,Normal
2025-05-09 09:58:17.022841,server1,login_success,4360,9,2025-05-09,Normal
2025-05-09 09:59:17.022841,firewall,error,875,9,2025-05-09,Normal
2025-05-09 10:00:17.022841,endpoint,login_success,1348,10,2025-05-09,Normal
2025-05-09 10:01:17.022841,firewall,connection,2753,10,2025-05-09,Normal
2025-05-09 10:02:17.022841,server2,login_failed,1249,10,2025-05-09,Normal
2025-05-09 10:03:17.022841,endpoint,error,5293,10,2025-05-09,Normal
2025-05-09 10:04:17.022841,endpoint,error,4036,10,2025-05-09,Normal
2025-05-09 10:05:17.022841,server2,connection,725,10,2025-05-09,Normal
2025-05-09 10:06:17.022841,server1,error,3199,10,2025-05-09,Normal
2025-05-09 10:07:17.022841,firewall,login_success,3179,10,2025-05-09,Normal
2025-05-09 10:08:17.022841,firewall,error,4335,10,2025-05-09,Normal
2025-05-09 10:09:17.022841,firewall,login_failed,3603,10,2025-05-09,Normal
2025-05-09 10:10:17.022841,server1,connection,384,10,2025-05-09,Normal
2025-05-09 10:11:17.022841,endpoint,login_success,6706,10,2025-05-09,Normal
2025-05-09 10:12:17.022841,server1,login_failed,1211,10,2025-05-09,Normal
2025-05-09 10:13:17.022841,firewall,login_failed,3324,10,2025-05-09,Normal
2025-05-09 10:14:17.022841,server1,connection,2599,10,2025-05-09,Normal
2025-05-09 10:15:17.022841,server2,login_success,9200,10,2025-05-09,Normal
2025-05-09 10:16:17.022841,endpoint,connection,5753,10,2025-05-09,Normal
2025-05-09 10:17:17.022841,server2,connection,6544,10,2025-05-09,Normal
2025-05-09 10:18:17.022841,endpoint,login_success,4936,10,2025-05-09,Normal
2025-05-09 10:19:17.022841,endpoint,error,1673,10,2025-05-09,Normal
2025-05-09 10:20:17.022841,server1,error,6343,10,2025-05-09,Normal
2025-05-09 10:21:17.022841,server2,connection,471,10,2025-05-09,Normal
2025-05-09 10:22:17.022841,endpoint,login_failed,3164,10,2025-05-09,Normal
2025-05-09 10:23:17.022841,server1,login_failed,1430,10,2025-05-09,Normal
2025-05-09 10:24:17.022841,endpoint,login_failed,9416,10,2025-05-09,Normal
2025-05-09 10:25:17.022841,endpoint,connection,9495,10,2025-05-09,Normal
2025-05-09 10:26:17.022841,firewall,error,9145,10,2025-05-09,Normal
2025-05-09 10:27:17.022841,endpoint,login_failed,6980,10,2025-05-09,Normal
2025-05-09 10:28:17.022841,firewall,login_success,1234,10,2025-05-09,Normal
2025-05-09 10:29:17.022841,firewall,connection,6613,10,2025-05-09,Normal
2025-05-09 10:30:17.022841,server1,login_failed,2083,10,2025-05-09,Normal
2025-05-09 10:31:17.022841,server2,error,424,10,2025-05-09,Normal
2025-05-09 10:32:17.022841,firewall,login_failed,7186,10,2025-05-09,Normal
2025-05-09 10:33:17.022841,server1,login_success,7372,10,2025-05-09,Normal
2025-05-09 10:34:17.022841,firewall,error,8838,10,2025-05-09,Normal
2025-05-09 10:35:17.022841,endpoint,error,9644,10,2025-05-09,Normal
2025-05-09 10:36:17.022841,server2,connection,2194,10,2025-05-09,Normal
2025-05-09 10:37:17.022841,server1,login_failed,2203,10,2025-05-09,Normal
2025-05-09 10:38:17.022841,endpoint,error,9821,10,2025-05-09,Normal
2025-05-09 10:39:17.022841,server1,login_failed,4098,10,2025-05-09,Normal
2025-05-09 10:40:17.022841,server2,connection,9421,10,2025-05-09,Normal
2025-05-09 10:41:17.022841,server1,connection,4023,10,2025-05-09,Normal
2025-05-09 10:42:17.022841,endpoint,login_success,7891,10,2025-05-09,Normal
2025-05-09 10:43:17.022841,firewall,error,6488,10,2025-05-09,Normal
2025-05-09 10:44:17.022841,endpoint,login_failed,6254,10,2025-05-09,Normal
2025-05-09 10:45:17.022841,server2,login_failed,2872,10,2025-05-09,Normal
2025-05-09 10:46:17.022841,server1,connection,3823,10,2025-05-09,Normal
2025-05-09 10:47:17.022841,server2,login_success,3808,10,2025-05-09,Normal
2025-05-09 10:48:17.022841,server1,error,2941,10,2025-05-09,Normal
2025-05-09 10:49:17.022841,server1,connection,2471,10,2025-05-09,Normal
2025-05-09 10:50:17.022841,server2,connection,1840,10,2025-05-09,Normal
2025-05-09 10:51:17.022841,endpoint,login_success,4750,10,2025-05-09,Normal
2025-05-09 10:52:17.022841,endpoint,error,2249,10,2025-05-09,Normal
2025-05-09 10:53:17.022841,server1,login_failed,6492,10,2025-05-09,Normal
2025-05-09 10:54:17.022841,endpoint,connection,5965,10,2025-05-09,Normal
2025-05-09 10:55:17.022841,endpoint,login_failed,1744,10,2025-05-09,Normal
2025-05-09 10:56:17.022841,firewall,login_success,4136,10,2025-05-09,Normal
2025-05-09 10:57:17.022841,firewall,login_failed,3362,10,2025-05-09,Normal
2025-05-09 10:58:17.022841,endpoint,connection,3174,10,2025-05-09,Normal
2025-05-09 10:59:17.022841,server2,error,9075,10,2025-05-09,Normal
2025-05-09 11:00:17.022841,firewall,login_success,7620,11,2025-05-09,Normal
2025-05-09 11:01:17.022841,endpoint,error,5183,11,2025-05-09,Normal
2025-05-09 11:02:17.022841,endpoint,error,8373,11,2025-05-09,Normal
2025-05-09 11:03:17.022841,endpoint,login_success,7526,11,2025-05-09,Normal
2025-05-09 11:04:17.022841,server1,connection,2261,11,2025-05-09,Normal
2025-05-09 11:05:17.022841,endpoint,error,5000,11,2025-05-09,Normal
2025-05-09 11:06:17.022841,endpoint,login_success,7313,11,2025-05-09,Normal
2025-05-09 11:07:17.022841,endpoint,login_failed,9482,11,2025-05-09,Normal
2025-05-09 11:08:17.022841,endpoint,login_failed,4801,11,2025-05-09,Normal
2025-05-09 11:09:17.022841,server2,login_success,904,11,2025-05-09,Normal
2025-05-09 11:10:17.022841,firewall,login_success,5958,11,2025-05-09,Normal
2025-05-09 11:11:17.022841,server1,error,1505,11,2025-05-09,Normal
2025-05-09 11:12:17.022841,firewall,login_failed,6607,11,2025-05-09,Normal
2025-05-09 11:13:17.022841,endpoint,login_success,8488,11,2025-05-09,Normal
2025-05-09 11:14:17.022841,server2,login_failed,2625,11,2025-05-09,Normal
2025-05-09 11:15:17.022841,endpoint,login_failed,107,11,2025-05-09,Anomaly
2025-05-09 11:16:17.022841,endpoint,connection,1510,11,2025-05-09,Normal
2025-05-09 11:17:17.022841,firewall,connection,7120,11,2025-05-09,Normal
2025-05-09 11:18:17.022841,endpoint,error,6451,11,2025-05-09,Normal
2025-05-09 11:19:17.022841,firewall,login_success,1779,11,2025-05-09,Normal
2025-05-09 11:20:17.022841,server1,login_failed,2111,11,2025-05-09,Normal
2025-05-09 11:21:17.022841,firewall,connection,9929,11,2025-05-09,Normal
2025-05-09 11:22:17.022841,firewall,login_failed,9579,11,2025-05-09,Normal
2025-05-09 11:23:17.022841,server1,connection,1486,11,2025-05-09,Normal
2025-05-09 11:24:17.022841,server1,error,9969,11,2025-05-09,Anomaly
2025-05-09 11:25:17.022841,endpoint,connection,8249,11,2025-05-09,Normal
2025-05-09 11:26:17.022841,server2,login_failed,6943,11,2025-05-09,Normal
2025-05-09 11:27:17.022841,server2,error,784,11,2025-05-09,Normal
2025-05-09 11:28:17.022841,firewall,login_failed,8772,11,2025-05-09,Normal
2025-05-09 11:29:17.022841,firewall,error,4042,11,2025-05-09,Normal
2025-05-09 11:30:17.022841,server1,error,363,11,2025-05-09,Normal
2025-05-09 11:31:17.022841,server2,error,1989,11,2025-05-09,Normal
2025-05-09 11:32:17.022841,server2,login_failed,124,11,2025-05-09,Anomaly
2025-05-09 11:33:17.022841,firewall,connection,9685,11,2025-05-09,Normal
2025-05-09 11:34:17.022841,server2,login_failed,9496,11,2025-05-09,Normal
2025-05-09 11:35:17.022841,server1,login_failed,5933,11,2025-05-09,Normal
2025-05-09 11:36:17.022841,server1,login_failed,3471,11,2025-05-09,Normal
2025-05-09 11:37:17.022841,server1,login_failed,8753,11,2025-05-09,Normal
2025-05-09 11:38:17.022841,endpoint,error,7411,11,2025-05-09,Normal
2025-05-09 11:39:17.022841,server1,login_success,6874,11,2025-05-09,Normal
2025-05-09 11:40:17.022841,server1,error,3102,11,2025-05-09,Normal
2025-05-09 11:41:17.022841,server1,login_success,8615,11,2025-05-09,Normal
2025-05-09 11:42:17.022841,firewall,login_success,7321,11,2025-05-09,Normal
2025-05-09 11:43:17.022841,server2,connection,3200,11,2025-05-09,Normal
2025-05-09 11:44:17.022841,firewall,error,6853,11,2025-05-09,Normal
2025-05-09 11:45:17.022841,endpoint,login_success,8292,11,2025-05-09,Normal
2025-05-09 11:46:17.022841,firewall,connection,2165,11,2025-05-09,Normal
2025-05-09 11:47:17.022841,server2,error,1380,11,2025-05-09,Normal
2025-05-09 11:48:17.022841,firewall,login_success,6620,11,2025-05-09,Normal
2025-05-09 11:49:17.022841,endpoint,login_success,3314,11,2025-05-09,Normal
2025-05-09 11:50:17.022841,endpoint,error,8975,11,2025-05-09,Normal
2025-05-09 11:51:17.022841,server2,error,7955,11,2025-05-09,Normal
2025-05-09 11:52:17.022841,server1,connection,4735,11,2025-05-09,Normal
2025-05-09 11:53:17.022841,firewall,connection,4415,11,2025-05-09,Normal
2025-05-09 11:54:17.022841,server2,error,8354,11,2025-05-09,Normal
2025-05-09 11:55:17.022841,firewall,error,8943,11,2025-05-09,Normal
2025-05-09 11:56:17.022841,server1,connection,6069,11,2025-05-09,Normal
2025-05-09 11:57:17.022841,endpoint,login_failed,6682,11,2025-05-09,Normal
2025-05-09 11:58:17.022841,server2,login_success,4779,11,2025-05-09,Normal
2025-05-09 11:59:17.022841,server1,error,4385,11,2025-05-09,Normal
2025-05-09 12:00:17.022841,server2,error,1855,12,2025-05-09,Normal
2025-05-09 12:01:17.022841,firewall,connection,2206,12,2025-05-09,Normal
2025-05-09 12:02:17.022841,firewall,login_success,1311,12,2025-05-09,Normal
2025-05-09 12:03:17.022841,endpoint,connection,9505,12,2025-05-09,Normal
2025-05-09 12:04:17.022841,firewall,error,819,12,2025-05-09,Normal
2025-05-09 12:05:17.022841,server1,login_failed,2859,12,2025-05-09,Normal
2025-05-09 12:06:17.022841,server1,login_success,3396,12,2025-05-09,Normal
2025-05-09 12:07:17.022841,server1,error,9167,12,2025-05-09,Normal
2025-05-09 12:08:17.022841,server1,error,6064,12,2025-05-09,Normal
2025-05-09 12:09:17.022841,server1,error,3151,12,2025-05-09,Normal
2025-05-09 12:10:17.022841,endpoint,login_failed,5124,12,2025-05-09,Normal
2025-05-09 12:11:17.022841,server2,connection,1967,12,2025-05-09,Normal
2025-05-09 12:12:17.022841,firewall,error,4611,12,2025-05-09,Normal
2025-05-09 12:13:17.022841,firewall,connection,4470,12,2025-05-09,Normal
2025-05-09 12:14:17.022841,firewall,login_success,4529,12,2025-05-09,Normal
2025-05-09 12:15:17.022841,firewall,error,5713,12,2025-05-09,Normal
2025-05-09 12:16:17.022841,server2,login_failed,5811,12,2025-05-09,Normal
2025-05-09 12:17:17.022841,endpoint,login_failed,5306,12,2025-05-09,Normal
2025-05-09 12:18:17.022841,endpoint,connection,9853,12,2025-05-09,Normal
2025-05-09 12:19:17.022841,server1,login_failed,3384,12,2025-05-09,Normal
2025-05-09 12:20:17.022841,server2,error,8555,12,2025-05-09,Normal
2025-05-09 12:21:17.022841,firewall,error,8167,12,2025-05-09,Normal
2025-05-09 12:22:17.022841,server2,error,8032,12,2025-05-09,Normal
2025-05-09 12:23:17.022841,endpoint,login_success,1353,12,2025-05-09,Normal
2025-05-09 12:24:17.022841,server2,login_success,1335,12,2025-05-09,Normal
2025-05-09 12:25:17.022841,endpoint,connection,1417,12,2025-05-09,Normal
2025-05-09 12:26:17.022841,endpoint,error,3987,12,2025-05-09,Normal
2025-05-09 12:27:17.022841,firewall,login_success,4371,12,2025-05-09,Normal
2025-05-09 12:28:17.022841,firewall,connection,8943,12,2025-05-09,Normal
2025-05-09 12:29:17.022841,server2,login_failed,4855,12,2025-05-09,Normal
2025-05-09 12:30:17.022841,endpoint,login_success,8361,12,2025-05-09,Normal
2025-05-09 12:31:17.022841,endpoint,error,3192,12,2025-05-09,Normal
2025-05-09 12:32:17.022841,endpoint,connection,4637,12,2025-05-09,Normal
2025-05-09 12:33:17.022841,server2,connection,3502,12,2025-05-09,Normal
2025-05-09 12:34:17.022841,firewall,login_success,4601,12,2025-05-09,Normal
2025-05-09 12:35:17.022841,server1,connection,988,12,2025-05-09,Normal
2025-05-09 12:36:17.022841,firewall,login_success,8083,12,2025-05-09,Normal
2025-05-09 12:37:17.022841,server1,login_failed,4643,12,2025-05-09,Normal
2025-05-09 12:38:17.022841,server1,error,6113,12,2025-05-09,Normal
2025-05-09 12:39:17.022841,server2,error,1119,12,2025-05-09,Normal
2025-05-09 12:40:17.022841,endpoint,login_failed,4101,12,2025-05-09,Normal
2025-05-09 12:41:17.022841,server1,error,7526,12,2025-05-09,Normal
2025-05-09 12:42:17.022841,endpoint,login_failed,5258,12,2025-05-09,Normal
2025-05-09 12:43:17.022841,firewall,error,4423,12,2025-05-09,Normal
2025-05-09 12:44:17.022841,server1,error,6711,12,2025-05-09,Normal
2025-05-09 12:45:17.022841,firewall,connection,3649,12,2025-05-09,Normal
2025-05-09 12:46:17.022841,server2,connection,8668,12,2025-05-09,Normal
2025-05-09 12:47:17.022841,server1,login_failed,6611,12,2025-05-09,Normal
2025-05-09 12:48:17.022841,server2,login_failed,8627,12,2025-05-09,Normal
2025-05-09 12:49:17.022841,server1,login_failed,8609,12,2025-05-09,Normal
2025-05-09 12:50:17.022841,server2,login_failed,8650,12,2025-05-09,Normal
2025-05-09 12:51:17.022841,firewall,error,7635,12,2025-05-09,Normal
2025-05-09 12:52:17.022841,endpoint,login_failed,5677,12,2025-05-09,Normal
2025-05-09 12:53:17.022841,server1,connection,594,12,2025-05-09,Normal
2025-05-09 12:54:17.022841,endpoint,error,2738,12,2025-05-09,Normal
2025-05-09 12:55:17.022841,server1,login_success,9178,12,2025-05-09,Normal
2025-05-09 12:56:17.022841,firewall,login_success,4305,12,2025-05-09,Normal
2025-05-09 12:57:17.022841,firewall,login_success,1700,12,2025-05-09,Normal
2025-05-09 12:58:17.022841,endpoint,login_success,3915,12,2025-05-09,Normal
2025-05-09 12:59:17.022841,server2,connection,3980,12,2025-05-09,Normal
2025-05-09 13:00:17.022841,endpoint,login_success,2481,13,2025-05-09,Normal
2025-05-09 13:01:17.022841,endpoint,login_failed,5305,13,2025-05-09,Normal
2025-05-09 13:02:17.022841,server1,login_success,2273,13,2025-05-09,Normal
2025-05-09 13:03:17.022841,endpoint,connection,9193,13,2025-05-09,Normal
2025-05-09 13:04:17.022841,firewall,error,1619,13,2025-05-09,Normal
2025-05-09 13:05:17.022841,endpoint,connection,2651,13,2025-05-09,Normal
2025-05-09 13:06:17.022841,firewall,error,4028,13,2025-05-09,Normal
2025-05-09 13:07:17.022841,firewall,login_failed,6976,13,2025-05-09,Normal
2025-05-09 13:08:17.022841,firewall,login_success,5210,13,2025-05-09,Normal
2025-05-09 13:09:17.022841,endpoint,error,7734,13,2025-05-09,Normal
2025-05-09 13:10:17.022841,server2,connection,834,13,2025-05-09,Normal
2025-05-09 13:11:17.022841,endpoint,login_success,6876,13,2025-05-09,Normal
2025-05-09 13:12:17.022841,server1,connection,690,13,2025-05-09,Normal
2025-05-09 13:13:17.022841,server2,login_failed,6434,13,2025-05-09,Normal
2025-05-09 13:14:17.022841,firewall,login_success,3192,13,2025-05-09,Normal
2025-05-09 13:15:17.022841,server2,login_failed,3028,13,2025-05-09,Normal
2025-05-09 13:16:17.022841,server2,login_success,4487,13,2025-05-09,Normal
2025-05-09 13:17:17.022841,server2,login_success,8696,13,2025-05-09,Normal
2025-05-09 13:18:17.022841,server2,connection,7406,13,2025-05-09,Normal
2025-05-09 13:19:17.022841,firewall,error,8966,13,2025-05-09,Normal
2025-05-09 13:20:17.022841,firewall,error,8379,13,2025-05-09,Normal
2025-05-09 13:21:17.022841,endpoint,connection,9994,13,2025-05-09,Anomaly
2025-05-09 13:22:17.022841,firewall,login_failed,756,13,2025-05-09,Normal
2025-05-09 13:23:17.022841,firewall,connection,3067,13,2025-05-09,Normal
2025-05-09 13:24:17.022841,firewall,error,6703,13,2025-05-09,Normal
2025-05-09 13:25:17.022841,server2,error,6902,13,2025-05-09,Normal
2025-05-09 13:26:17.022841,server1,connection,6718,13,2025-05-09,Normal
2025-05-09 13:27:17.022841,endpoint,login_success,9130,13,2025-05-09,Normal
2025-05-09 13:28:17.022841,server1,login_success,1424,13,2025-05-09,Normal
2025-05-09 13:29:17.022841,firewall,login_failed,2336,13,2025-05-09,Normal
2025-05-09 13:30:17.022841,endpoint,connection,582,13,2025-05-09,Normal
2025-05-09 13:31:17.022841,server1,login_failed,4314,13,2025-05-09,Normal
2025-05-09 13:32:17.022841,server2,error,8795,13,2025-05-09,Normal
2025-05-09 13:33:17.022841,server1,connection,6937,13,2025-05-09,Normal
2025-05-09 13:34:17.022841,server2,login_failed,2359,13,2025-05-09,Normal
2025-05-09 13:35:17.022841,server1,login_failed,2362,13,2025-05-09,Normal
2025-05-09 13:36:17.022841,server1,connection,2597,13,2025-05-09,Normal
2025-05-09 13:37:17.022841,endpoint,login_failed,9272,13,2025-05-09,Normal
2025-05-09 13:38:17.022841,server1,login_success,9856,13,2025-05-09,Normal
2025-05-09 13:39:17.022841,server2,connection,1020,13,2025-05-09,Normal
2025-05-09 13:40:17.022841,firewall,connection,5717,13,2025-05-09,Normal
2025-05-09 13:41:17.022841,server2,login_failed,5503,13,2025-05-09,Normal
2025-05-09 13:42:17.022841,server2,error,9770,13,2025-05-09,Normal
2025-05-09 13:43:17.022841,firewall,connection,4027,13,2025-05-09,Normal
2025-05-09 13:44:17.022841,firewall,login_failed,265,13,2025-05-09,Anomaly
2025-05-09 13:45:17.022841,server2,connection,8274,13,2025-05-09,Normal
2025-05-09 13:46:17.022841,endpoint,login_failed,2004,13,2025-05-09,Normal
2025-05-09 13:47:17.022841,firewall,error,9548,13,2025-05-09,Normal
2025-05-09 13:48:17.022841,endpoint,error,5831,13,2025-05-09,Normal
2025-05-09 13:49:17.022841,firewall,login_failed,2455,13,2025-05-09,Normal
2025-05-09 13:50:17.022841,server2,connection,7387,13,2025-05-09,Normal
2025-05-09 13:51:17.022841,endpoint,login_failed,7915,13,2025-05-09,Normal
2025-05-09 13:52:17.022841,firewall,login_success,1857,13,2025-05-09,Normal
2025-05-09 13:53:17.022841,endpoint,login_failed,6380,13,2025-05-09,Normal
2025-05-09 13:54:17.022841,server2,error,826,13,2025-05-09,Normal
2025-05-09 13:55:17.022841,server2,error,7980,13,2025-05-09,Normal
2025-05-09 13:56:17.022841,firewall,connection,1211,13,2025-05-09,Normal
2025-05-09 13:57:17.022841,endpoint,login_failed,4919,13,2025-05-09,Normal
2025-05-09 13:58:17.022841,firewall,login_failed,6710,13,2025-05-09,Normal
2025-05-09 13:59:17.022841,server2,connection,6471,13,2025-05-09,Normal
2025-05-09 14:00:17.022841,server1,login_success,8152,14,2025-05-09,Normal
2025-05-09 14:01:17.022841,server2,login_failed,1611,14,2025-05-09,Normal
2025-05-09 14:02:17.022841,server1,error,1677,14,2025-05-09,Normal
2025-05-09 14:03:17.022841,endpoint,login_success,8587,14,2025-05-09,Normal
2025-05-09 14:04:17.022841,server1,error,1722,14,2025-05-09,Normal
2025-05-09 14:05:17.022841,server2,error,1037,14,2025-05-09,Normal
2025-05-09 14:06:17.022841,server2,connection,4173,14,2025-05-09,Normal
2025-05-09 14:07:17.022841,server2,error,3820,14,2025-05-09,Normal
2025-05-09 14:08:17.022841,server1,error,7516,14,2025-05-09,Normal
2025-05-09 14:09:17.022841,endpoint,connection,5240,14,2025-05-09,Normal
2025-05-09 14:10:17.022841,server1,connection,787,14,2025-05-09,Normal
2025-05-09 14:11:17.022841,firewall,error,7243,14,2025-05-09,Normal
2025-05-09 14:12:17.022841,server1,login_failed,1711,14,2025-05-09,Normal
2025-05-09 14:13:17.022841,firewall,connection,6212,14,2025-05-09,Normal
2025-05-09 14:14:17.022841,endpoint,login_failed,2592,14,2025-05-09,Normal
2025-05-09 14:15:17.022841,server2,connection,135,14,2025-05-09,Anomaly
2025-05-09 14:16:17.022841,endpoint,login_failed,2061,14,2025-05-09,Normal
2025-05-09 14:17:17.022841,server2,login_failed,5531,14,2025-05-09,Normal
2025-05-09 14:18:17.022841,endpoint,login_failed,6253,14,2025-05-09,Normal
2025-05-09 14:19:17.022841,server2,error,8922,14,2025-05-09,Normal
2025-05-09 14:20:17.022841,endpoint,login_failed,7615,14,2025-05-09,Normal
2025-05-09 14:21:17.022841,firewall,login_failed,1121,14,2025-05-09,Normal
2025-05-09 14:22:17.022841,endpoint,connection,2975,14,2025-05-09,Normal
2025-05-09 14:23:17.022841,firewall,login_success,9400,14,2025-05-09,Normal
2025-05-09 14:24:17.022841,server1,login_success,6446,14,2025-05-09,Normal
2025-05-09 14:25:17.022841,server1,login_success,4593,14,2025-05-09,Normal
2025-05-09 14:26:17.022841,server2,connection,9547,14,2025-05-09,Normal
2025-05-09 14:27:17.022841,endpoint,login_success,3999,14,2025-05-09,Normal
2025-05-09 14:28:17.022841,server1,connection,8954,14,2025-05-09,Normal
2025-05-09 14:29:17.022841,server1,login_failed,9648,14,2025-05-09,Normal
2025-05-09 14:30:17.022841,server1,login_failed,7246,14,2025-05-09,Normal
2025-05-09 14:31:17.022841,firewall,login_failed,4835,14,2025-05-09,Normal
2025-05-09 14:32:17.022841,endpoint,connection,2065,14,2025-05-09,Normal
2025-05-09 14:33:17.022841,firewall,connection,952,14,2025-05-09,Normal
2025-05-09 14:34:17.022841,firewall,connection,2526,14,2025-05-09,Normal
2025-05-09 14:35:17.022841,endpoint,login_failed,4614,14,2025-05-09,Normal
2025-05-09 14:36:17.022841,server1,login_success,6996,14,2025-05-09,Normal
2025-05-09 14:37:17.022841,server1,connection,7163,14,2025-05-09,Normal
2025-05-09 14:38:17.022841,server1,error,8669,14,2025-05-09,Normal
2025-05-09 14:39:17.022841,server2,connection,6402,14,2025-05-09,Normal
2025-05-09 14:40:17.022841,endpoint,error,7078,14,2025-05-09,Normal
2025-05-09 14:41:17.022841,firewall,login_failed,9212,14,2025-05-09,Normal
2025-05-09 14:42:17.022841,server1,login_success,9926,14,2025-05-09,Anomaly
2025-05-09 14:43:17.022841,server1,error,6961,14,2025-05-09,Normal
2025-05-09 14:44:17.022841,firewall,login_success,1207,14,2025-05-09,Normal
2025-05-09 14:45:17.022841,server2,connection,2510,14,2025-05-09,Normal
2025-05-09 14:46:17.022841,server1,error,3717,14,2025-05-09,Normal
2025-05-09 14:47:17.022841,firewall,login_success,8984,14,2025-05-09,Normal
2025-05-09 14:48:17.022841,server2,error,7047,14,2025-05-09,Normal
2025-05-09 14:49:17.022841,endpoint,connection,3390,14,2025-05-09,Normal
2025-05-09 14:50:17.022841,server2,connection,8798,14,2025-05-09,Normal
2025-05-09 14:51:17.022841,firewall,connection,1940,14,2025-05-09,Normal
2025-05-09 14:52:17.022841,server2,login_success,7273,14,2025-05-09,Normal
2025-05-09 14:53:17.022841,server2,login_success,6129,14,2025-05-09,Normal
2025-05-09 14:54:17.022841,server2,login_success,2748,14,2025-05-09,Normal
2025-05-09 14:55:17.022841,endpoint,error,3919,14,2025-05-09,Normal
2025-05-09 14:56:17.022841,server1,login_failed,8123,14,2025-05-09,Normal
2025-05-09 14:57:17.022841,server1,error,7388,14,2025-05-09,Normal
2025-05-09 14:58:17.022841,server1,login_success,1832,14,2025-05-09,Normal
2025-05-09 14:59:17.022841,server2,connection,303,14,2025-05-09,Anomaly
2025-05-09 15:00:17.022841,server1,error,1503,15,2025-05-09,Normal
2025-05-09 15:01:17.022841,firewall,login_failed,3499,15,2025-05-09,Normal
2025-05-09 15:02:17.022841,server2,login_failed,3442,15,2025-05-09,Normal
2025-05-09 15:03:17.022841,server2,login_failed,2897,15,2025-05-09,Normal
2025-05-09 15:04:17.022841,firewall,error,2235,15,2025-05-09,Normal
2025-05-09 15:05:17.022841,server1,connection,1756,15,2025-05-09,Normal
2025-05-09 15:06:17.022841,server2,login_failed,2173,15,2025-05-09,Normal
2025-05-09 15:07:17.022841,endpoint,error,4597,15,2025-05-09,Normal
2025-05-09 15:08:17.022841,server2,connection,2533,15,2025-05-09,Normal
2025-05-09 15:09:17.022841,firewall,connection,5587,15,2025-05-09,Normal
2025-05-09 15:10:17.022841,server1,connection,5628,15,2025-05-09,Normal
2025-05-09 15:11:17.022841,server1,login_failed,2519,15,2025-05-09,Normal
2025-05-09 15:12:17.022841,server1,login_success,4708,15,2025-05-09,Normal
2025-05-09 15:13:17.022841,server2,login_success,5720,15,2025-05-09,Normal
2025-05-09 15:14:17.022841,server2,login_success,7796,15,2025-05-09,Normal
2025-05-09 15:15:17.022841,server1,connection,2254,15,2025-05-09,Normal
2025-05-09 15:16:17.022841,endpoint,login_success,6906,15,2025-05-09,Normal
2025-05-09 15:17:17.022841,server1,login_success,7011,15,2025-05-09,Normal
2025-05-09 15:18:17.022841,server1,connection,8381,15,2025-05-09,Normal
2025-05-09 15:19:17.022841,endpoint,login_success,458,15,2025-05-09,Anomaly
2025-05-09 15:20:17.022841,server2,login_success,2411,15,2025-05-09,Normal
2025-05-09 15:21:17.022841,firewall,error,4652,15,2025-05-09,Normal
2025-05-09 15:22:17.022841,firewall,login_failed,4074,15,2025-05-09,Normal
2025-05-09 15:23:17.022841,firewall,error,7414,15,2025-05-09,Normal
2025-05-09 15:24:17.022841,server1,connection,2455,15,2025-05-09,Normal
2025-05-09 15:25:17.022841,server1,login_success,4953,15,2025-05-09,Normal
2025-05-09 15:26:17.022841,firewall,login_failed,4519,15,2025-05-09,Normal
2025-05-09 15:27:17.022841,endpoint,login_success,9545,15,2025-05-09,Anomaly
2025-05-09 15:28:17.022841,firewall,connection,8180,15,2025-05-09,Normal
2025-05-09 15:29:17.022841,server1,login_success,1843,15,2025-05-09,Normal
2025-05-09 15:30:17.022841,server1,login_failed,4321,15,2025-05-09,Normal
2025-05-09 15:31:17.022841,server2,connection,8425,15,2025-05-09,Normal
2025-05-09 15:32:17.022841,firewall,login_success,3483,15,2025-05-09,Normal
2025-05-09 15:33:17.022841,server2,error,8265,15,2025-05-09,Normal
2025-05-09 15:34:17.022841,server1,login_failed,6266,15,2025-05-09,Normal
2025-05-09 15:35:17.022841,endpoint,connection,1670,15,2025-05-09,Normal
2025-05-09 15:36:17.022841,firewall,error,8769,15,2025-05-09,Normal
2025-05-09 15:37:17.022841,firewall,login_failed,8885,15,2025-05-09,Normal
2025-05-09 15:38:17.022841,endpoint,login_success,8922,15,2025-05-09,Normal
2025-05-09 15:39:17.022841,firewall,login_success,5164,15,2025-05-09,Normal
2025-05-09 15:40:17.022841,server1,error,5273,15,2025-05-09,Normal
2025-05-09 15:41:17.022841,server1,error,6714,15,2025-05-09,Normal
2025-05-09 15:42:17.022841,server1,login_success,7800,15,2025-05-09,Normal
2025-05-09 15:43:17.022841,server1,error,4416,15,2025-05-09,Normal
2025-05-09 15:44:17.022841,firewall,login_success,3060,15,2025-05-09,Normal
2025-05-09 15:45:17.022841,firewall,login_failed,3688,15,2025-05-09,Normal
2025-05-09 15:46:17.022841,firewall,error,3840,15,2025-05-09,Normal
2025-05-09 15:47:17.022841,server2,login_failed,3855,15,2025-05-09,Normal
2025-05-09 15:48:17.022841,server2,connection,4844,15,2025-05-09,Normal
2025-05-09 15:49:17.022841,firewall,error,5833,15,2025-05-09,Normal
